Rank,Male name,Number of males,Female name,Number of females
1,Michael,64924,Jessica,48346
2,Christopher,59610,Ashley,47008
3,Matthew,47088,Jennifer,42657
4,Joshua,42206,Amanda,39056
5,Daniel,38563,Sarah,24880
6,David,38529,Stephanie,23244
7,James,35865,Nicole,22967
8,Robert,32096,Heather,21151
9,John,31501,Elizabeth,20546
10,Joseph,30221,Megan,20015
11,Andrew,30173,Melissa,19964
12,Ryan,29913,Christina,16598
13,Brandon,29309,Rachel,16362
14,Jason,26041,Laura,16003
15,Justin,25536,Lauren,15768
16,William,24613,Amber,15505
17,Jonathan,24116,Brittany,15437
18,Brian,23065,Danielle,15414
19,Nicholas,22391,Kimberly,14913
20,Anthony,22091,Amy,14428
21,Eric,20841,Crystal,14397
22,Adam,20165,Michelle,13975
23,Kevin,18813,Tiffany,13681
24,Steven,18725,Emily,13137
25,Thomas,17604,Rebecca,12704
26,Timothy,17141,Erin,11384
27,Kyle,16520,Jamie,11038
28,Richard,15331,Kelly,11033
29,Jeffrey,14501,Samantha,10658
30,Jeremy,13449,Sara,10560
31,Benjamin,13429,Angela,10225
32,Mark,13200,Katherine,10132
33,Aaron,13139,Andrea,10052
34,Charles,12896,Erica,9525
35,Jacob,12282,Mary,9241
36,Stephen,12211,Lisa,9015
37,Patrick,11642,Lindsey,8468
38,Sean,11454,Kristen,8445
39,Zachary,11344,Katie,7996
40,Nathan,10652,Lindsay,7871
41,Dustin,10442,Shannon,7713
42,Paul,10314,Vanessa,7566
43,Tyler,10214,Courtney,7533
44,Scott,10145,Christine,7440
45,Gregory,9769,Alicia,7122
46,Travis,9095,Allison,7027
47,Kenneth,8997,April,6692
48,Bryan,8718,Kathryn,6633
49,Jose,8402,Kristin,6566
50,Alexander,8296,Jenna,6436
51,Jesse,8220,Tara,6102
52,Cody,7096,Maria,6012
53,Bradley,7012,Krystal,5933
54,Samuel,7009,Anna,5884
55,Shawn,6982,Julie,5763
56,Derek,6659,Holly,5602
57,Chad,6469,Kristina,5566
58,Jared,5881,Natalie,5535
59,Edward,5871,Victoria,5425
60,Peter,5671,Jacqueline,5249
61,Marcus,5586,Monica,4991
62,Jordan,5462,Cassandra,4727
63,Corey,5230,Meghan,4670
64,Keith,5215,Patricia,4400
65,Juan,4851,Catherine,4296
66,Donald,4750,Cynthia,4129
67,Joel,4625,Stacy,4108
68,Shane,4548,Kathleen,4087
69,Phillip,4494,Brandi,4044
70,Brett,4327,Brandy,3901
71,Ronald,4299,Valerie,3881
72,George,4259,Veronica,3877
73,Antonio,4150,Whitney,3832
74,Carlos,4088,Diana,3685
75,Raymond,4088,Chelsea,3613
76,Douglas,4024,Leslie,3606
77,Nathaniel,4004,Caitlin,3599
78,Ian,3998,Leah,3572
79,Craig,3954,Natasha,3554
80,Alex,3907,Erika,3503
81,Cory,3869,Latoya,3402
82,Gary,3812,Dana,3347
83,Derrick,3779,Dominique,3299
84,Philip,3735,Brittney,3224
85,Luis,3703,Julia,3205
86,Casey,3491,Candice,3196
87,Erik,3372,Karen,3137
88,Victor,3341,Melanie,3133
89,Brent,3319,Stacey,3115
90,Frank,3302,Margaret,3071
91,Evan,3218,Sheena,3062
92,Gabriel,3215,Alexandra,3016
93,Adrian,3132,Katrina,2979
94,Wesley,3044,Bethany,2957
95,Vincent,3042,Nichole,2949
96,Larry,2947,Carrie,2942
97,Jeffery,2946,Alison,2828
98,Curtis,2943,Kara,2811
99,Todd,2940,Joanna,2772
100,Blake,2921,Rachael,2761
101,Christian,2914,Felicia,2738
102,Randy,2880,Brooke,2728
103,Dennis,2846,Jasmine,2709
104,Trevor,2822,Candace,2707
105,Seth,2820,Sandra,2663
106,Luke,2743,Susan,2660
107,Austin,2727,Tracy,2653
108,Jesus,2684,Nancy,2608
109,Alan,2682,Kayla,2607
110,Russell,2573,Tina,2600
111,Jeremiah,2536,Krystle,2579
112,Carl,2526,Alexis,2517
113,Tony,2526,Casey,2478
114,Miguel,2525,Gina,2478
115,Mitchell,2452,Jillian,2476
116,Jerry,2423,Pamela,2467
117,Mario,2416,Hannah,2449
118,Johnathan,2391,Renee,2441
119,Terry,2374,Molly,2433
120,Shaun,2352,Denise,2432
121,Devin,2332,Misty,2414
122,Lucas,2318,Brenda,2387
123,Troy,2316,Jaclyn,2385
124,Andre,2293,Lacey,2359
125,Jorge,2292,Heidi,2322
126,Drew,2277,Desiree,2304
127,Johnny,2207,Morgan,2281
128,Allen,2186,Miranda,2268
129,Marc,2160,Sabrina,2268
130,Lance,2152,Alyssa,2258
131,Ricardo,2138,Alisha,2211
132,Martin,2136,Teresa,2211
133,Chase,2132,Meagan,2204
134,Kristopher,2099,Krista,2183
135,Bobby,2094,Tabitha,2153
136,Caleb,2086,Theresa,2122
137,Henry,2068,Linda,2114
138,Garrett,2053,Melinda,2114
139,Jonathon,2030,Tanya,2113
140,Francisco,2017,Monique,2112
141,Danny,2015,Ashlee,2064
142,Lee,2006,Kelli,2058
143,Manuel,1975,Jill,2039
144,Lawrence,1941,Mallory,2039
145,Ricky,1933,Kristy,2023
146,Randall,1908,Anne,2020
147,Ross,1884,Robin,2012
148,Mathew,1880,Tamara,1991
149,Jimmy,1866,Meredith,1959
150,Billy,1832,Colleen,1952
151,Jon,1801,Christy,1940
152,Albert,1799,Marissa,1891
153,Taylor,1795,Abigail,1849
154,Cameron,1794,Kendra,1840
155,Micheal,1758,Carolyn,1837
156,Colin,1739,Deanna,1817
157,Clayton,1718,Jenny,1810
158,Arthur,1716,Lori,1791
159,Roberto,1706,Rebekah,1791
160,Roger,1706,Ebony,1787
161,Darren,1701,Angel,1781
162,Clinton,1693,Wendy,1781
163,Walter,1689,Kristi,1754
164,Louis,1687,Caroline,1751
165,Isaac,1674,Dawn,1730
166,Grant,1652,Kari,1721
167,Jamie,1630,Priscilla,1701
168,Rodney,1621,Kelsey,1699
169,Joe,1591,Barbara,1676
170,Oscar,1591,Cassie,1660
171,Willie,1574,Cristina,1651
172,Angel,1563,Tonya,1642
173,Maurice,1559,Bridget,1613
174,Julian,1528,Cindy,1594
175,Jay,1523,Jaime,1557
176,Jack,1522,Angelica,1542
177,Calvin,1520,Sharon,1537
178,Hector,1492,Marie,1511
179,Alejandro,1459,Kate,1491
180,Ruben,1455,Adrienne,1490
181,Gerald,1447,Tasha,1479
182,Javier,1423,Michele,1477
183,Bruce,1412,Ana,1470
184,Wayne,1383,Cara,1465
185,Brendan,1382,Stefanie,1462
186,Roy,1380,Audrey,1448
187,Dominic,1332,Ann,1442
188,Dylan,1331,Kristine,1442
189,Edwin,1329,Shana,1423
190,Darrell,1324,Brianna,1421
191,Geoffrey,1322,Katelyn,1418
192,Reginald,1312,Deborah,1400
193,Fernando,1291,Carla,1397
194,Sergio,1266,Claudia,1397
195,Rafael,1249,Virginia,1379
196,Pedro,1246,Haley,1378
197,Frederick,1224,Jacquelyn,1360
198,Tyrone,1222,Janelle,1360
199,Omar,1216,Beth,1341
200,Jerome,1211,Latasha,1323
201,Theodore,1211,Savannah,1321
202,Neil,1206,Carly,1311
203,Terrance,1188,Ashleigh,1276
204,Cole,1185,Regina,1275
205,Jaime,1182,Aimee,1274
206,Jermaine,1155,Mandy,1268
207,Eddie,1150,Janet,1242
208,Micah,1147,Kaitlin,1236
209,Brad,1145,Cheryl,1224
210,Levi,1145,Autumn,1221
211,Marvin,1143,Martha,1221
212,Emmanuel,1141,Lydia,1219
213,Jessie,1131,Abby,1208
214,Ronnie,1128,Shawna,1200
215,Darryl,1126,Nina,1199
216,Spencer,1114,Sierra,1199
217,Noah,1108,Tammy,1196
218,Raul,1108,Nikki,1195
219,Dale,1094,Donna,1191
220,Ernest,1072,Claire,1188
221,Jake,1071,Bonnie,1176
222,Tristan,1061,Trisha,1175
223,Eduardo,1050,Carmen,1169
224,Ivan,1050,Diane,1169
225,Alberto,1042,Summer,1167
226,Andres,1040,Mayra,1166
227,Armando,1017,Taryn,1135
228,Kurt,1016,Toni,1133
229,Dane,1004,Evelyn,1132
230,Glenn,1004,Joy,1122
231,Nicolas,999,Adriana,1121
232,Logan,998,Mindy,1116
233,Eugene,995,Ruth,1116
234,Steve,989,Jessie,1111
235,Ramon,988,Sophia,1100
236,Bryce,984,Suzanne,1099
237,Tommy,981,Jodi,1086
238,Preston,978,Christie,1082
239,Devon,976,Raquel,1082
240,Barry,965,Naomi,1078
241,Marco,965,Kellie,1072
242,Karl,961,Grace,1063
243,Leonard,955,Shanna,1058
244,Terrence,943,Hilary,1054
245,Francis,935,Taylor,1052
246,Tyson,935,Hillary,1047
247,Stanley,921,Yolanda,1043
248,Brady,916,Olivia,1025
249,Melvin,907,Paula,1015
250,Jarrod,900,Amelia,1014
251,Cesar,896,Sheila,1012
252,Byron,895,Robyn,1011
253,Clifford,894,Rosa,1011
254,Kelly,892,Gloria,999
255,Terrell,890,Alana,977
256,Julio,887,Keri,977
257,Dwayne,880,Jordan,975
258,Edgar,880,Marisa,972
259,Harold,858,Melody,967
260,Abraham,848,Rose,967
261,Cedric,843,Daisy,958
262,Antoine,829,Randi,949
263,Erick,825,Emma,946
264,Franklin,812,Maggie,946
265,Branden,810,Charlotte,945
266,Lorenzo,803,Justine,939
267,Dean,802,Britney,938
268,Harry,781,Jeanette,935
269,Stuart,780,Lacy,934
270,Alfredo,770,Elise,933
271,Ray,768,Sylvia,930
272,Arturo,767,Rachelle,925
273,Joey,763,Debra,917
274,Andy,760,Charity,912
275,Max,760,Hope,909
276,Johnathon,756,Johanna,904
277,Ralph,753,Charlene,902
278,Warren,751,Karla,901
279,Kelvin,741,Gabrielle,896
280,Courtney,732,Sonia,890
281,Rene,732,Shelby,885
282,Orlando,730,Stacie,885
283,Leon,727,Shelly,884
284,Marcos,724,Kaitlyn,879
285,Marshall,717,Roxanne,878
286,Colby,715,Kasey,876
287,Daryl,715,Jocelyn,869
288,Brock,712,Esther,859
289,Gerardo,709,Alexandria,855
290,Nelson,706,Ellen,854
291,Alvin,705,Kerri,853
292,Trent,701,Carol,841
293,Enrique,700,Katharine,841
294,Earl,691,Shauna,839
295,Shannon,689,Frances,834
296,Damien,687,Annie,831
297,Gilbert,686,Tabatha,828
298,Morgan,682,Alissa,823
299,Elijah,681,Sherry,822
300,Kirk,681,Chelsey,815
301,Desmond,677,Helen,808
302,Howard,676,Traci,801
303,Alfred,675,Sonya,797
304,Clarence,675,Bianca,790
305,Darnell,674,Angelina,789
306,Nickolas,671,Briana,788
307,Ethan,669,Trista,788
308,Roderick,668,Leticia,784
309,Trenton,663,Kristie,782
310,Beau,661,Tia,781
311,Demetrius,656,Laurie,779
312,Bernard,653,Leigh,773
313,Chance,650,Elisabeth,771
314,Wade,650,Aubrey,770
315,Bryant,649,Kelley,761
316,Zachery,646,Latisha,756
317,Clifton,643,Eva,755
318,Angelo,639,India,754
319,Ernesto,630,Kirsten,751
320,Isaiah,630,Yvonne,751
321,Clint,627,Miriam,747
322,Xavier,625,Lorena,740
323,Jamal,618,Anita,738
324,Salvador,617,Staci,736
325,Chris,614,Cortney,731
326,Darius,609,Carissa,730
327,Landon,607,Camille,727
328,Brenton,603,Jade,726
329,Israel,598,Paige,723
330,Quentin,597,Elena,722
331,Damon,594,Brianne,720
332,Heath,593,Dorothy,719
333,Collin,585,Gabriela,711
334,Norman,574,Terri,711
335,Kenny,573,Jane,710
336,Duane,566,Tamika,704
337,Hunter,566,Chasity,703
338,Simon,564,Jana,696
339,Dallas,562,Tracey,694
340,Neal,562,Antoinette,690
341,Lewis,559,Jami,690
342,Eli,557,Janice,688
343,Terence,549,Christa,683
344,Charlie,548,Tessa,683
345,Vernon,547,Yvette,682
346,Quinton,543,Elisa,678
347,Leroy,539,Breanna,673
348,Lamar,535,Rochelle,673
349,Kent,534,Kerry,672
350,Emanuel,532,Maureen,672
351,Kerry,525,Karina,670
352,Gavin,522,Alice,669
353,Graham,521,Irene,668
354,Perry,521,Rhonda,668
355,Alexis,519,Keisha,666
356,Allan,517,Allyson,665
357,Jayson,517,Hayley,663
358,Rudy,515,Annette,656
359,Tanner,514,Cecilia,656
360,Glen,510,Elaine,655
361,Marlon,509,Brandie,654
362,Damian,507,Katy,654
363,Fredrick,505,Tricia,652
364,Marquis,504,Julianne,640
365,Bret,502,Elyse,639
366,Dwight,502,Lyndsey,635
367,Rory,502,Clarissa,633
368,Ashley,501,Meaghan,633
369,Kurtis,501,Tanisha,632
370,Rickey,500,Kathy,617
371,Josiah,497,Jena,614
372,Zachariah,491,Marisol,612
373,Julius,490,Guadalupe,609
374,Gordon,488,Jenifer,606
375,Dana,482,Patrice,605
376,Deandre,482,Jasmin,603
377,Jarrett,481,Lynn,603
378,Felix,479,Sandy,602
379,Nolan,479,Ariel,600
380,Lonnie,474,Juanita,598
381,Don,473,Sasha,598
382,Rodolfo,470,Ericka,597
383,Kendall,466,Jayme,597
384,Maxwell,466,Ruby,593
385,Fred,463,Kira,592
386,Kendrick,463,Rita,588
387,Abel,461,Tiara,587
388,Elliott,461,Jackie,586
389,Jarvis,461,Jennie,585
390,Pablo,461,Lakeisha,579
391,Donovan,460,Destiny,572
392,Stephan,459,Hollie,572
393,Alfonso,458,Leanne,572
394,Fabian,458,Ryan,570
395,Tyrell,458,Shelley,570
396,Elliot,456,Amie,568
397,Miles,456,Callie,567
398,Mason,454,Connie,567
399,Bradford,453,Sally,567
400,Gustavo,452,Lesley,566
401,Derick,449,Serena,566
402,Jarred,448,Laurel,561
403,Lloyd,448,Eileen,560
404,Jamar,447,Bobbie,559
405,Leo,447,Faith,559
406,Pierre,447,Brittani,557
407,Noel,445,Shayla,556
408,Rick,443,Judith,551
409,Guillermo,432,Alma,549
410,Herbert,430,Alyson,549
411,Elias,428,Ciara,549
412,Ben,426,Lillian,542
413,Dominick,423,Nora,541
414,Stefan,423,Christian,538
415,Jameson,422,Chrystal,538
416,Josue,420,Joyce,537
417,Darin,418,Marquita,535
418,Clay,416,Ashlie,533
419,Harrison,415,Michael,531
420,Ismael,415,Joanne,525
421,Roland,414,Constance,522
422,Owen,412,Marilyn,522
423,Dexter,411,Yesenia,522
424,Rocky,411,Lena,519
425,Kory,410,Juliana,517
426,Saul,408,Isabel,516
427,Rolando,403,Becky,515
428,Lionel,402,Nadia,515
429,Dante,398,Shari,515
430,Trey,395,Blair,513
431,Skyler,393,Rosemary,512
432,Felipe,388,Christen,511
433,Rogelio,388,Genevieve,508
434,Malcolm,386,Michaela,508
435,Dominique,384,Shayna,505
436,Dillon,381,Celeste,504
437,Darrin,379,Betty,502
438,Carlton,378,Mia,500
439,Cornelius,378,Norma,498
440,Loren,377,Bridgette,496
441,Jeff,373,Chantel,494
442,Robin,372,Sherri,494
443,Oliver,371,Shirley,494
444,Donte,370,Noelle,493
445,Guy,367,Alisa,492
446,Jerrod,367,Jody,491
447,Milton,366,Christin,490
448,Esteban,365,Latonya,489
449,Gilberto,365,Lara,487
450,Antwan,363,Lucy,487
451,Roman,363,Beverly,482
452,Ty,361,Elisha,481
453,Freddie,356,Audra,480
454,Kellen,355,Alejandra,477
455,Demarcus,354,Tiffani,474
456,Alvaro,353,Darlene,471
457,Dusty,352,Sheri,469
458,Nathanael,352,Terra,469
459,Mike,351,Iris,467
460,Sidney,351,Ashly,466
461,Sam,348,Jean,466
462,Tracy,348,Judy,460
463,Jamaal,346,Maribel,460
464,Gene,344,Chanel,458
465,Hugo,344,Tierra,458
466,Gerard,343,Cierra,456
467,Salvatore,343,Brenna,453
468,Diego,342,Larissa,453
469,Weston,342,Kristal,452
470,Jimmie,341,Gretchen,451
471,Zackary,340,Jolene,447
472,Donnie,339,Kendall,447
473,Riley,334,Dianna,446
474,Greg,332,Marlene,446
475,Zane,332,Tatiana,443
476,Leslie,331,Angie,442
477,Johnnie,329,Corinne,440
478,Quincy,327,Leann,440
479,Frankie,326,Sydney,439
480,Rusty,326,Belinda,437
481,Sheldon,326,Lora,436
482,Tomas,326,Mackenzie,433
483,Randolph,325,Tameka,429
484,Toby,323,Janine,426
485,Lester,321,Josephine,423
486,Brendon,318,Blanca,422
487,Korey,317,Bobbi,421
488,Moses,314,Esmeralda,418
489,Alonzo,313,Ashely,417
490,Dewayne,313,Cassidy,416
491,Blaine,311,Christopher,415
492,Forrest,310,Daniela,415
493,Parker,310,Lorraine,413
494,Zackery,310,Gwendolyn,410
495,Herman,309,Marisela,410
496,Bryon,306,Chandra,409
497,Giovanni,305,Vivian,408
498,Jarod,305,Francesca,407
499,Floyd,303,Alaina,406
500,Jamel,303,Celia,406
501,Kody,303,Devon,405
502,Leonardo,301,Fallon,405
503,Kasey,300,Mandi,405
504,Jackie,299,Carolina,404
505,Reid,298,Raven,403
506,Jody,295,Tania,400
507,Moises,295,Betsy,399
508,Brooks,294,Casandra,399
509,Everett,293,Joann,399
510,Jackson,292,Tracie,398
511,Lamont,292,Margarita,396
512,Ramiro,292,Marina,394
513,Alec,290,Sade,393
514,Ariel,290,Jacklyn,392
515,Sebastian,289,Lyndsay,392
516,Ryne,286,Liliana,389
517,Scotty,285,Adrian,388
518,Clark,284,Racheal,388
519,Ali,283,Maegan,387
520,Chadwick,282,Mollie,387
521,Stewart,282,Anastasia,386
522,Kareem,279,Santana,385
523,Reuben,279,Breanne,382
524,Braden,277,Madeline,382
525,Clyde,277,Tiffanie,380
526,Wilson,276,Melisa,379
527,Sterling,274,Corey,378
528,Kristofer,273,Ivy,378
529,Keenan,272,Lea,378
530,Colt,270,Precious,377
531,Jonah,268,Susana,374
532,Cecil,266,Caitlyn,373
533,Jamison,266,Chiquita,373
534,Santiago,266,Tera,373
535,Ted,266,Natalia,372
536,Dan,264,Teri,372
537,Myron,264,Cherie,370
538,Reynaldo,264,Hailey,370
539,Chester,263,Ariana,369
540,Deangelo,263,Jeannette,369
541,Jess,262,Karissa,368
542,Noe,262,Lakisha,368
543,Randal,262,Lucia,368
544,Garret,261,Kassandra,366
545,Rex,261,Krystina,365
546,Avery,259,Micaela,365
547,Freddy,258,Chelsie,364
548,Carson,256,Cathy,362
549,Raphael,256,Shante,361
550,Joaquin,255,Kylie,360
551,Nick,255,Mercedes,359
552,Quintin,255,Dena,358
553,Brennan,253,Christi,357
554,Erich,252,Clara,357
555,Dion,251,Latrice,356
556,Garry,251,Devin,355
557,Jean,250,Rosanna,355
558,Guadalupe,249,Domonique,353
559,Brice,248,Jodie,352
560,Deon,248,Kacie,352
561,Lyle,248,Shaina,352
562,Wendell,248,Adrianne,351
563,Efrain,247,Chloe,351
564,Josh,247,Alecia,349
565,Jordon,243,Kim,348
566,Rigoberto,243,Rocio,348
567,Sammy,243,Antonia,347
568,Solomon,243,Arlene,347
569,Adan,241,Kimberley,344
570,Aron,238,Deidre,343
571,Humberto,238,Shantel,342
572,Whitney,236,Mariah,341
573,Shea,234,Tasia,341
574,Aubrey,233,Leanna,340
575,Harvey,233,Aisha,339
576,Amos,232,Lacie,339
577,Barrett,232,Lana,337
578,Jessica,230,Marianne,337
579,Reed,230,Dayna,336
580,Ashton,229,Ginger,336
581,Anton,226,Kyla,336
582,Harley,226,Tiana,336
583,Dorian,225,Janna,335
584,Thaddeus,225,Lashonda,334
585,Vicente,225,Marcia,334
586,Conrad,224,Desirae,333
587,Hugh,224,Luz,333
588,Emilio,223,Billie,331
589,Marques,223,Angelique,330
590,Winston,223,Kali,329
591,Kiel,221,Silvia,329
592,Robbie,221,Asia,328
593,Donnell,217,Catrina,327
594,Nathanial,217,Athena,326
595,Arron,216,Maricela,323
596,Mauricio,216,Keshia,321
597,Erin,215,Shawn,321
598,Royce,215,Maranda,320
599,Benny,213,Nadine,320
600,Bradly,213,Tosha,320
601,Jerod,213,Joan,316
602,Myles,213,Lynette,316
603,Jairo,211,Abbey,314
604,Wyatt,210,Dominque,314
605,Bryson,208,Justina,314
606,Durell,208,Cori,313
607,Alton,207,Kristyn,313
608,Jim,207,Laci,312
609,Jerrell,206,Debbie,311
610,Keegan,205,Lee,310
611,Chaz,204,Selena,310
612,Deshawn,204,Trina,309
613,Morris,203,Bailey,308
614,Otis,203,Joni,308
615,Demario,201,Myra,308
616,Elvis,201,Edith,307
617,Marcel,201,Julianna,307
618,Will,201,Arielle,306
619,Joesph,200,Octavia,306
620,Conor,199,Kyle,303
621,Jovan,199,Sonja,303
622,Kaleb,199,Elissa,302
623,Sonny,199,Madison,302
624,Ignacio,198,Noel,302
625,Cary,197,Jeannie,301
626,Tyree,197,Janie,299
627,Lukas,196,Sadie,299
628,Sherman,196,Kandice,298
629,Jonas,195,Loren,298
630,Nigel,195,Alanna,297
631,Prince,195,Linsey,296
632,Wilfredo,195,Daniel,295
633,Sylvester,194,Beatrice,294
634,Arnold,193,Britni,294
635,Brody,193,Darcy,294
636,Cortez,191,Matthew,294
637,Markus,191,Corina,293
638,Ahmad,189,Cheri,292
639,Davon,189,Tori,292
640,Claude,188,David,290
641,Jerad,187,Kenya,290
642,Cale,186,Roberta,290
643,Willis,186,Jeanne,289
644,Antwon,185,James,287
645,Nikolas,185,Loretta,287
646,Cristian,183,Maritza,287
647,Leonel,183,Shameka,286
648,Rodrigo,183,Emilie,285
649,Kristian,182,Dina,283
650,Davis,181,Ladonna,283
651,Pete,181,Araceli,282
652,Wallace,181,Martina,281
653,Blair,180,Janette,280
654,Lane,180,Jesse,279
655,Tom,180,Nakia,279
656,Waylon,180,Savanna,279
657,Hans,179,Daphne,276
658,Issac,179,Joshua,276
659,Earnest,178,Kristian,276
660,Ron,178,Bridgett,274
661,Carter,177,Cari,274
662,Connor,177,Brandon,273
663,Coty,177,Deidra,273
664,Jasper,177,Marsha,273
665,Shelby,177,Celina,272
666,Bill,176,Joelle,272
667,Brandan,176,Rhiannon,272
668,Jace,176,Deana,271
669,Santos,176,Georgia,271
670,Skylar,175,Eleanor,270
671,Tory,175,Penny,270
672,Amir,174,Shanika,269
673,Edmund,174,Bernadette,268
674,Colton,173,Daniella,268
675,Darrel,173,Maryann,267
676,Derik,173,Maura,267
677,Ezra,173,Princess,267
678,Josef,172,Tarah,267
679,Luther,172,Noemi,266
680,Quinn,172,Valarie,266
681,Mickey,171,Doris,264
682,Jefferson,170,Selina,264
683,Carey,169,Sofia,264
684,Rashad,169,Ashli,263
685,Gregg,168,Holli,262
686,Agustin,167,Janell,260
687,Damion,166,Marjorie,260
688,Leland,166,Meghann,260
689,Duncan,165,Jazmin,259
690,Matt,165,Christal,258
691,Bennett,162,Carina,256
692,Vance,162,Gladys,256
693,Ira,161,Lakesha,255
694,Jennifer,161,Latosha,254
695,Mitchel,161,Lizette,254
696,Akeem,160,Maya,252
697,Brant,160,Valencia,251
698,Tyrel,160,Nicolette,250
699,Galen,159,Olga,250
700,Robby,158,Peggy,250
701,Jarrell,157,Beatriz,249
702,Mikel,157,Ciera,249
703,Roosevelt,157,Lakeshia,249
704,Rudolph,157,Leeann,249
705,Shayne,157,Cristal,248
706,Curt,156,Tami,248
707,Marty,156,Jenelle,247
708,Mohammad,156,Krysta,246
709,Rodrick,156,Colette,245
710,Brain,155,Alesha,244
711,Devan,155,Eliza,242
712,Rhett,155,Kristan,242
713,Marion,154,Lily,242
714,Bo,153,Liza,242
715,Carlo,153,Candy,241
716,Javon,153,Hanna,241
717,Tobias,153,Lynsey,241
718,Abram,151,Chastity,240
719,Cassidy,151,Marcella,240
720,Dejuan,151,Renae,240
721,Dave,150,Adrianna,239
722,Heriberto,150,Eboni,238
723,Liam,150,Pauline,238
724,Durrell,149,Robert,238
725,Teddy,149,Shamika,238
726,Ellis,148,Aileen,237
727,Griffin,148,Kassie,237
728,Brenden,147,Kaylee,237
729,Jered,147,Marla,237
730,Tommie,147,Shanta,237
731,Virgil,147,Sheree,237
732,Rico,146,Delilah,236
733,Jed,145,Felisha,236
734,Jerald,145,Geneva,236
735,Timmy,145,Susanna,236
736,Alphonso,144,Gabriella,235
737,Jacques,144,Abbie,234
738,Paris,144,Gillian,234
739,Adolfo,143,Kimberlee,234
740,Amanda,143,Siobhan,234
741,Bennie,143,Wanda,234
742,Jeremie,143,Candis,233
743,Mohammed,143,Chantelle,233
744,Taurean,143,John,233
745,Van,143,Cody,232
746,Dereck,142,Dora,232
747,Jamil,142,Jeanine,232
748,Asa,141,Roxana,232
749,Benito,141,Giselle,231
750,Cortney,141,Lucinda,231
751,Tucker,141,Marcie,231
752,Antione,140,Marlena,231
753,Coleman,140,Griselda,229
754,Elmer,140,Alycia,228
755,Jaron,139,Joseph,227
756,Jeramy,139,Talia,227
757,Nestor,139,Magen,226
758,Osvaldo,139,Cristy,225
759,Laurence,138,Fatima,225
760,Stacy,137,Kirby,225
761,Grayson,136,Simone,225
762,Kenton,136,Andria,224
763,Cornell,135,Kylee,224
764,Archie,134,Valeria,224
765,Cristopher,134,Kacey,223
766,Darrick,134,Kala,223
767,Titus,134,Dara,222
768,Aric,133,Cora,221
769,Cyrus,133,Josie,220
770,Grady,133,Leila,220
771,Rocco,133,Sharonda,220
772,Ervin,132,Danelle,219
773,Raymundo,132,Kia,219
774,Scottie,132,Laquita,219
775,Reggie,131,Marci,219
776,Daren,130,Chantal,218
777,Domingo,130,Francine,218
778,Isiah,130,Tess,218
779,Jan,130,Tamra,217
780,Vaughn,130,Janae,216
781,Cedrick,129,Kourtney,215
782,Dalton,129,Ramona,215
783,Jeromy,129,Stevie,215
784,Darron,128,Kathrine,214
785,Jeffry,128,Glenda,213
786,Keon,128,Ingrid,213
787,Tad,128,Kaci,213
788,Gonzalo,127,Shanda,213
789,Jedidiah,127,Brittni,212
790,Kirby,127,Kati,212
791,Ari,126,Malinda,212
792,Estevan,126,Mariana,212
793,Fidel,126,Irma,211
794,Chauncey,125,Kayleigh,211
795,Dontae,125,Aurora,209
796,Rufus,125,Britany,209
797,Ahmed,124,Rikki,209
798,Bronson,124,Clare,208
799,Channing,124,Sophie,208
800,Stephon,124,Andrew,207
801,Ulysses,124,Vicki,207
802,Lazaro,123,Viviana,207
803,Davin,122,Casie,206
804,Andrea,121,Venessa,206
805,Bart,121,Kori,205
806,Broderick,121,Misti,204
807,Elvin,121,Paris,204
808,Kelsey,121,Perla,204
809,Malik,121,Jeanna,203
810,Chandler,120,Jeri,203
811,Cruz,120,Mara,203
812,German,120,Edna,202
813,Jamey,120,Marian,201
814,Octavio,120,Sherrie,201
815,Rickie,120,Tanesha,201
816,Tyron,120,Alexa,200
817,Edmond,119,Cameron,200
818,Hassan,119,Lynda,200
819,Kristoffer,119,Anthony,199
820,Louie,119,Dolores,199
821,August,118,Yadira,199
822,Moshe,118,Annmarie,198
823,Britton,117,Emilee,198
824,Christoper,117,Lissette,198
825,Denny,117,Sheryl,198
826,Ezekiel,117,Vicky,198
827,Isidro,117,Jaimie,197
828,Lincoln,117,Nathalie,197
829,Martell,117,Corrie,196
830,Randell,117,Karin,196
831,Shelton,117,Tyler,196
832,Stevie,117,Tyra,196
833,Buddy,116,Zoe,196
834,Danial,116,Alyse,195
835,Judson,116,Hallie,195
836,Lindsey,116,Lourdes,195
837,Mohamed,116,Reyna,195
838,Silas,116,Gail,194
839,Amit,114,Jesica,194
840,Coy,114,Louise,194
841,Delbert,114,Marcy,194
842,Lauren,114,Rena,193
843,Rashawn,114,Shea,193
844,Wilbert,114,Tabetha,193
845,Donny,113,Cherish,192
846,Gino,113,Elsa,192
847,Gregorio,113,Rene,192
848,Jaymes,113,Deirdre,191
849,Justen,113,Elaina,191
850,Stephanie,113,Deandra,190
851,Dirk,112,Rosalinda,190
852,Federico,112,Stacia,190
853,Ken,112,Cathleen,189
854,Mack,112,Kami,189
855,Monte,112,Roxanna,189
856,Junior,111,Tonia,188
857,Cooper,110,Danica,187
858,Dakota,110,Danyelle,187
859,Daron,110,Helena,187
860,Errol,110,Kandace,187
861,Garett,110,Richelle,187
862,Garrick,110,Alina,185
863,Hubert,110,Ashlea,185
864,Jeremey,110,Brittny,185
865,Leif,110,Chana,185
866,Lynn,110,Janel,185
867,Bernardo,109,Meggan,185
868,Chaim,109,Mellissa,185
869,Keaton,109,Rosemarie,185
870,Laron,109,Yasmin,185
871,Marquise,109,Cory,184
872,Samson,109,Delia,184
873,Stacey,109,Jason,184
874,Cliff,108,Hilda,183
875,Francesco,108,Jessi,183
876,Schuyler,108,Kaley,183
877,Darwin,107,Mckenzie,183
878,Derrell,107,Nikole,183
879,Johathan,107,William,183
880,Pierce,107,Alysha,182
881,Ulises,107,Charmaine,182
882,Brandyn,106,Justin,182
883,Marlin,106,Melina,182
884,Danielle,105,Jonathan,181
885,Elizabeth,105,Niki,181
886,Kraig,105,Cecelia,180
887,Tylor,105,Demetria,180
888,Willard,105,Felecia,180
889,Brannon,104,Graciela,180
890,Mackenzie,104,Keely,180
891,Cade,103,Terry,180
892,Donta,103,Ami,179
893,Drake,103,Paola,179
894,Efren,103,Cheyenne,178
895,Jermey,103,June,178
896,Jerrad,103,Shavon,178
897,Michel,103,Tristan,178
898,Lowell,102,Candi,177
899,Nicholaus,102,Marta,177
900,Scot,102,Sherita,177
901,Tim,102,Sondra,177
902,Elisha,101,Carley,176
903,Greggory,101,Dannielle,176
904,Ronny,101,Darla,176
905,Sarah,101,Carey,175
906,Antony,100,Cristin,175
907,Braxton,100,Adriane,174
908,Cullen,100,Jazmine,174
909,Muhammad,100,Maira,174
910,Darrius,99,Shaquita,174
911,Deonte,99,Shasta,174
912,Horace,99,Wendi,174
913,Jayme,99,Gena,173
914,Justine,99,Jada,173
915,Kai,99,Krysten,173
916,Tremaine,99,Kyra,173
917,Anderson,98,Latoria,173
918,Brandin,98,Tana,173
919,Denis,98,Georgina,172
920,Donavan,98,Lisette,172
921,Edwardo,97,Mai,172
922,Elton,97,Monika,172
923,Keven,97,Rebeca,172
924,Kris,97,Shanita,172
925,Percy,97,Brittanie,171
926,Rodger,97,Jo,171
927,Samir,97,Magan,171
928,Vince,97,Portia,171
929,Aldo,96,Krystin,170
930,Eliot,96,Malissa,170
931,Ernie,96,Kerrie,169
932,Jedediah,96,Kiley,169
933,Ramsey,96,Brynn,168
934,Deron,95,Juliet,168
935,Erwin,95,Katelin,168
936,Isaias,95,Lia,168
937,Jade,95,Marion,168
938,Uriel,95,Stephany,168
939,Andreas,94,Cassondra,167
940,Asher,94,Jeana,167
941,Houston,94,Katheryn,167
942,Maria,94,Rosalyn,167
943,Terell,94,Micah,166
944,Theron,94,Tyesha,166
945,Westley,94,Ada,165
946,Brandt,93,Pearl,165
947,Chadd,93,Sharita,165
948,Dario,93,Shara,164
949,Denver,93,Susie,164
950,Cleveland,92,Bertha,163
951,Eliseo,92,Cathryn,163
952,Eloy,92,Eric,163
953,Irvin,92,Karly,163
954,Kale,92,Latanya,163
955,Al,91,Mari,163
956,Baby,91,Alena,162
957,Coby,91,Brook,162
958,Dandre,91,Carlie,162
959,Fletcher,91,Corrine,162
960,Jeramie,91,Nicholas,162
961,Kim,91,Nikita,162
962,Trace,91,Sunny,162
963,Vito,91,Aja,160
964,Kennith,90,Ali,160
965,Kolby,90,Jenni,160
966,Romeo,90,Markita,160
967,Edgardo,89,Rosalie,160
968,Juston,89,Violeta,160
969,Raheem,89,Deena,159
970,Darell,88,Eunice,159
971,Demarco,88,Stefani,159
972,Deven,88,Breann,158
973,Jessy,88,Brigitte,158
974,Joshuah,88,Kasie,158
975,Reese,88,Shavonne,158
976,Emerson,87,Kacy,157
977,Hank,87,Kirstin,157
978,Jarret,87,Shena,157
979,Jory,87,Tisha,157
980,Martez,87,Jessika,156
981,Rayshawn,87,Karrie,156
982,Trever,87,Kelsie,156
983,Walker,87,Mariel,156
984,Alden,86,Salina,156
985,Armand,86,Shira,156
986,Arnulfo,86,Iesha,155
987,Christina,86,Alexia,154
988,Dangelo,86,Caryn,154
989,Derrek,86,Jaqueline,154
990,Lindsay,86,Kiana,154
991,Valentin,86,Leilani,154
992,Eddy,85,Mona,154
993,Jereme,85,Samatha,154
994,Melissa,85,Shantell,154
995,Deric,84,Stella,154
996,Emmett,84,Tammie,154
997,Travon,84,Amberly,153
998,Alain,83,Francisca,153
999,Cristobal,83,Ida,153
1000,Deshaun,83,Lashanda,153